"","median","lci","uci","Geweke.p","Heidelberger.p"
"r.Gough.Island_Albatross.Plain",-0.0097,-0.0467,0.0281,0.843,0.373
"r.Gough.Island_False.Peak",0,-0.0381,0.0386,0.328,0.955
"r.Gough.Island_Gonydale",0.013,-0.0228,0.0532,0.73,0.109
"r.Gough.Island_GP.Valley",-0.0359,-0.0735,0.0023,0.822,0.306
"r.Gough.Island_Spire.Crag",7e-04,-0.0361,0.0413,0.116,0.52
"r.Gough.Island_Tafelkop",-0.0105,-0.0485,0.0267,0.068,0.784
"r.Gough.Island_Tarn.Moss",0.01,-0.0286,0.0471,0.712,0.629
"r.Gough.Island_Triple.Peak",-0.0373,-0.0745,6e-04,0.323,0.079
"sigma.proc",0.0605,0.0221,0.1144,0.628,0.888
