"","median","lci","uci","Geweke.p","Heidelberger.p"
"r.Bird.Island..SGSSI..IGSISS.._",-0.0222,-0.044,4e-04,0.329,0.567
"r.Bird.Island..SGSSI..IGSISS.._Colony.B",-0.0318,-0.0461,-0.0168,0.274,0.713
"r.Bird.Island..SGSSI..IGSISS.._Colony.E",-0.0547,-0.0711,-0.0383,0.103,0.405
"r.Cape.North_",-0.0054,-0.0287,0.0182,0.455,0.333
"r.Jomfruene_",-0.0076,-0.0378,0.0235,0.516,0.44
"r.Paryadin.Peninsula.north_",-0.0208,-0.0521,0.0088,0.329,0.379
"r.Paryadin.Peninsula.south_",-0.0207,-0.0503,0.0109,0.538,0.276
"r.Sorn...Bernt.coast_",-0.0239,-0.0469,-0.0013,0.188,0.398
"sigma.proc",0.0402,0.0175,0.0711,0.016,0.27
