"","median","lci","uci","Geweke.p","Heidelberger.p"
"r.Gough.Island_Albatross.Plain",-0.0096,-0.0494,0.0313,0.06,0.211
"r.Gough.Island_False.Peak",-5e-04,-0.0382,0.0417,0.613,0.067
"r.Gough.Island_Gonydale",0.0131,-0.0256,0.0542,0.27,0.556
"r.Gough.Island_GP.Valley",-0.0356,-0.0759,0.0013,0.734,0.506
"r.Gough.Island_Spire.Crag",5e-04,-0.0372,0.0432,0.691,0.418
"r.Gough.Island_Tafelkop",-0.0106,-0.0502,0.0299,0.165,0.519
"r.Gough.Island_Tarn.Moss",0.0102,-0.0292,0.0514,0.22,0.215
"r.Gough.Island_Triple.Peak",-0.0374,-0.0771,0.0028,0.793,0.607
"sigma.proc",0.0596,0.016,0.1257,0.978,0.025
