"","median","lci","uci","Geweke.p","Heidelberger.p"
"r.Annenkov.Island_",-0.0264,-0.0633,0.0123,0.125,0.261
"r.Bird.Island..SGSSI..IGSISS.._",-0.0147,-0.0455,0.018,0.836,0.917
"r.Bird.Island..SGSSI..IGSISS.._Colony.H..Bird.Island..South.Georgia.",-0.0524,-0.0677,-0.0386,0.388,0.772
"r.Bird.Island..SGSSI..IGSISS.._Colony.J..Bird.Island..South.Georgia.",-0.0333,-0.0495,-0.0166,0.258,0.495
"r.Cape.Buller_",-0.0161,-0.0485,0.017,0.493,0.628
"r.Cape.Crewe_",-0.0073,-0.0401,0.0248,0.078,0.447
"r.Cape.North_",-0.0074,-0.0341,0.0204,0.14,0.343
"r.Cape.Nunez_",0.0016,-0.0383,0.0392,0.049,0.258
"r.Cape.Wilson_",1e-04,-0.0343,0.0314,0.288,0.082
"r.Clerke.Rocks_",-0.004,-0.0457,0.0363,0.01,0.054
"r.Cooper.Island_",-0.0076,-0.0344,0.0204,0.943,0.648
"r.Green.Island_",-0.0355,-0.0765,0.0012,0.374,0.813
"r.Klutschak.Point_",-0.0026,-0.0418,0.0346,0.687,0.668
"r.Paryadin.Peninsula.north_",-0.0064,-0.0398,0.0252,0.321,0.275
"r.Paryadin.Peninsula.south_",-0.0074,-0.0394,0.0265,0.947,1
"r.Rumbolds.Point_",0.008,-0.032,0.045,0.169,0.457
"r.Sheathbill.Bay_",-0.008,-0.0397,0.0251,0.77,0.659
"r.Sitka.Bay_",-0.0077,-0.0403,0.0255,0.852,0.866
"r.Sorn...Bernt.coast_",-0.0088,-0.0344,0.0192,0.654,0.986
"r.Welcome.Islands_",-0.0144,-0.0429,0.0127,0.569,0.946
"sigma.proc",0.038,0.0146,0.0655,0.001,0.252
