"assessment","scenario","name","year","obs","obs.err","hat","lci","uci","lpp","upp","residual","retro.peels"
"Thalassarche melanophris","noK","Annenkov.Island_",1986,17500,0.286164006749128,15940.8700547816,9854.28641225096,23835.6079244507,6546.49938266274,29556.4814575126,0.093314625946487,0
"Thalassarche melanophris","noK","Annenkov.Island_",2004,9398,0.286164006749128,9653.3998697225,5007.89954905672,15771.8880251845,3689.20525410784,19535.8767471366,-0.0268132707267785,0
"Thalassarche melanophris","noK","Bird.Island..SGSSI..IGSISS.._",1977,13328,0.286164006749128,14390.0030579982,8375.08967620646,21698.3767907061,5300.11112346787,27105.7837598469,-0.0766666479833269,0
"Thalassarche melanophris","noK","Bird.Island..SGSSI..IGSISS.._",1992,14695,0.286164006749128,11708.3437114478,8047.01368274614,16228.962680289,5412.68951657279,21291.5251988712,0.22720557449847,0
"Thalassarche melanophris","noK","Bird.Island..SGSSI..IGSISS.._",2004,8264,0.286164006749128,9438.90167964323,5179.61025230575,14656.9405116639,3371.20477862604,18311.400765905,-0.132930894075757,0
"Thalassarche melanophris","noK","Bird.Island..SGSSI..IGSISS.._Colony.H..Bird.Island..South.Georgia.",1976,230,0.286164006749128,231.218510164891,181.276113345276,283.985219641797,112.080558976707,399.192652267484,-0.00528388593712226,0
"Thalassarche melanophris","noK","Bird.Island..SGSSI..IGSISS.._Colony.H..Bird.Island..South.Georgia.",1977,229,0.286164006749128,219.397556792242,176.333117839915,267.331855002741,107.810824758013,371.012385155181,0.0428365916354494,0
"Thalassarche melanophris","noK","Bird.Island..SGSSI..IGSISS.._Colony.H..Bird.Island..South.Georgia.",1978,253,0.286164006749128,207.959011211881,168.626673510628,249.194686408054,98.1647416576732,352.789786468335,0.196048489926707,0
"Thalassarche melanophris","noK","Bird.Island..SGSSI..IGSISS.._Colony.H..Bird.Island..South.Georgia.",1979,210,0.286164006749128,196.23079474464,159.931095728592,232.198751543916,90.7583916035653,335.309726051688,0.067816040017477,0
"Thalassarche melanophris","noK","Bird.Island..SGSSI..IGSISS.._Colony.H..Bird.Island..South.Georgia.",1980,142,0.286164006749128,184.968652485975,151.988152964023,217.394201483835,92.0981803668793,310.519968880158,-0.264359307097706,0
"Thalassarche melanophris","noK","Bird.Island..SGSSI..IGSISS.._Colony.H..Bird.Island..South.Georgia.",1981,118,0.286164006749128,175.127384770774,145.996562669981,206.377485124194,90.2683927919553,303.554056863089,-0.394828997633543,0
"Thalassarche melanophris","noK","Bird.Island..SGSSI..IGSISS.._Colony.H..Bird.Island..South.Georgia.",1982,147,0.286164006749128,167.389635666741,140.377469350406,196.068605320757,82.7987527174339,283.493308006256,-0.129891655780113,0
"Thalassarche melanophris","noK","Bird.Island..SGSSI..IGSISS.._Colony.H..Bird.Island..South.Georgia.",1983,178,0.286164006749128,160.140056029206,134.394893206236,187.187046392794,84.2309384550179,276.805735973522,0.105734767771263,0
"Thalassarche melanophris","noK","Bird.Island..SGSSI..IGSISS.._Colony.H..Bird.Island..South.Georgia.",1984,183,0.286164006749128,153.11788272206,130.01781598846,179.81088463811,73.2893924578137,254.929016095466,0.178278052805132,0
"Thalassarche melanophris","noK","Bird.Island..SGSSI..IGSISS.._Colony.H..Bird.Island..South.Georgia.",1985,173,0.286164006749128,145.836796908891,123.650580008701,170.428814454299,72.6337264103931,250.795802983432,0.170803427417858,0
"Thalassarche melanophris","noK","Bird.Island..SGSSI..IGSISS.._Colony.H..Bird.Island..South.Georgia.",1986,183,0.286164006749128,138.321746264208,118.287809755704,161.873085643749,67.3427658210387,233.588814967441,0.279903686732542,0
"Thalassarche melanophris","noK","Bird.Island..SGSSI..IGSISS.._Colony.H..Bird.Island..South.Georgia.",1987,180,0.286164006749128,130.587407088059,110.930961951283,151.625751468567,65.0901335699212,221.636341649751,0.320914062218678,0
"Thalassarche melanophris","noK","Bird.Island..SGSSI..IGSISS.._Colony.H..Bird.Island..South.Georgia.",1988,51,0.286164006749128,122.451274039513,103.404590923934,141.593921351624,61.6012882511992,206.347693970981,-0.875887555189045,0
"Thalassarche melanophris","noK","Bird.Island..SGSSI..IGSISS.._Colony.H..Bird.Island..South.Georgia.",1989,158,0.286164006749128,116.802885663615,99.5056609194475,135.717117805968,56.7606746732531,196.627850531481,0.30210725691393,0
"Thalassarche melanophris","noK","Bird.Island..SGSSI..IGSISS.._Colony.H..Bird.Island..South.Georgia.",1990,155,0.286164006749128,110.807360528386,95.0403310771068,128.861093532003,54.0202613827421,184.779577805073,0.335631914050886,0
"Thalassarche melanophris","noK","Bird.Island..SGSSI..IGSISS.._Colony.H..Bird.Island..South.Georgia.",1991,125,0.286164006749128,104.39521232642,88.8292272809614,120.890827305892,50.760529075797,174.566059230427,0.180129921847652,0
"Thalassarche melanophris","noK","Bird.Island..SGSSI..IGSISS.._Colony.H..Bird.Island..South.Georgia.",1992,90,0.286164006749128,97.9395193398141,83.3156402866078,113.879996442146,49.0823611744343,165.314769449372,-0.0845404682313751,0
"Thalassarche melanophris","noK","Bird.Island..SGSSI..IGSISS.._Colony.H..Bird.Island..South.Georgia.",1993,108,0.286164006749128,92.1178824186184,77.5294436117379,106.088853823725,47.3371230395951,156.75368134006,0.159062139641565,0
"Thalassarche melanophris","noK","Bird.Island..SGSSI..IGSISS.._Colony.H..Bird.Island..South.Georgia.",1994,102,0.286164006749128,86.5216612006199,72.2454228293591,99.3362046304949,43.81896553714,145.933327005504,0.164578012191641,0
"Thalassarche melanophris","noK","Bird.Island..SGSSI..IGSISS.._Colony.H..Bird.Island..South.Georgia.",1995,16,0.286164006749128,80.7702294050118,67.2713082933525,94.067843496302,37.1482644548134,134.176011677406,-1.61901972743587,0
"Thalassarche melanophris","noK","Bird.Island..SGSSI..IGSISS.._Colony.H..Bird.Island..South.Georgia.",1996,82,0.286164006749128,77.864677838976,65.8332165903664,90.7904265947527,39.0815698198059,131.739906909243,0.0517468267559869,0
"Thalassarche melanophris","noK","Bird.Island..SGSSI..IGSISS.._Colony.H..Bird.Island..South.Georgia.",1997,75,0.286164006749128,74.8665595200659,63.4082333515616,86.587435873627,36.5234434999276,124.964935951174,0.00178079106673845,0
"Thalassarche melanophris","noK","Bird.Island..SGSSI..IGSISS.._Colony.H..Bird.Island..South.Georgia.",1998,70,0.286164006749128,71.9828435994971,60.9802782451054,82.9041455673316,35.3391176852934,121.493521421444,-0.0279325652323923,0
"Thalassarche melanophris","noK","Bird.Island..SGSSI..IGSISS.._Colony.H..Bird.Island..South.Georgia.",1999,68,0.286164006749128,69.2635576864342,58.8395565018358,79.7818867119564,35.4335585447682,117.36048293802,-0.0184111995946354,0
"Thalassarche melanophris","noK","Bird.Island..SGSSI..IGSISS.._Colony.H..Bird.Island..South.Georgia.",2000,71,0.286164006749128,66.6255688310878,57.1527244485285,76.883952288904,33.7300995326271,113.655349966823,0.0635914567893101,0
"Thalassarche melanophris","noK","Bird.Island..SGSSI..IGSISS.._Colony.H..Bird.Island..South.Georgia.",2001,66,0.286164006749128,64.0793659515643,54.4542708793867,73.7570333647175,31.60712854287,108.03861978275,0.0295323339537834,0
"Thalassarche melanophris","noK","Bird.Island..SGSSI..IGSISS.._Colony.H..Bird.Island..South.Georgia.",2002,70,0.286164006749128,61.5327610722881,52.973792193602,71.4581869210549,30.8961597993223,103.048353299246,0.128925508708948,0
"Thalassarche melanophris","noK","Bird.Island..SGSSI..IGSISS.._Colony.H..Bird.Island..South.Georgia.",2003,57,0.286164006749128,58.9298507005203,50.7186563253987,68.7520532401913,29.2820155756666,99.7875332415875,-0.0332964975065524,0
"Thalassarche melanophris","noK","Bird.Island..SGSSI..IGSISS.._Colony.H..Bird.Island..South.Georgia.",2004,58,0.286164006749128,56.5034958996359,48.4563989153326,65.8106734523726,28.3417135319554,95.7227358180125,0.0261404999783217,0
"Thalassarche melanophris","noK","Bird.Island..SGSSI..IGSISS.._Colony.H..Bird.Island..South.Georgia.",2005,58,0.286164006749128,54.1911026443004,45.9668094275916,62.7192962503978,25.9383893732915,91.1568766219015,0.0679262734304307,0
"Thalassarche melanophris","noK","Bird.Island..SGSSI..IGSISS.._Colony.H..Bird.Island..South.Georgia.",2006,49,0.286164006749128,51.8864241021272,44.628142551998,60.8114950893227,26.3864593565139,88.3049206057253,-0.0572368798500298,0
"Thalassarche melanophris","noK","Bird.Island..SGSSI..IGSISS.._Colony.H..Bird.Island..South.Georgia.",2007,54,0.286164006749128,49.7618797160475,42.4270584096926,58.2177631118051,24.3863712343815,84.7184789684695,0.0817348232027899,0
"Thalassarche melanophris","noK","Bird.Island..SGSSI..IGSISS.._Colony.H..Bird.Island..South.Georgia.",2008,55,0.286164006749128,47.6223488664806,40.4005301502598,55.8190335500207,23.370654241301,80.7286772913054,0.144031020180615,0
"Thalassarche melanophris","noK","Bird.Island..SGSSI..IGSISS.._Colony.H..Bird.Island..South.Georgia.",2009,53,0.286164006749128,45.5366730159031,38.3585057552237,53.412195311063,23.2115451586339,78.0618591276328,0.151773911889549,0
"Thalassarche melanophris","noK","Bird.Island..SGSSI..IGSISS.._Colony.H..Bird.Island..South.Georgia.",2010,55,0.286164006749128,43.3885273200711,36.6773901945039,51.3324116529821,21.8953173955449,73.7790720329151,0.23713812653586,0
"Thalassarche melanophris","noK","Bird.Island..SGSSI..IGSISS.._Colony.H..Bird.Island..South.Georgia.",2011,54,0.286164006749128,41.1543725089862,34.8735479473215,48.6087295568787,21.3618660008052,70.8748852459826,0.271653867273614,0
"Thalassarche melanophris","noK","Bird.Island..SGSSI..IGSISS.._Colony.H..Bird.Island..South.Georgia.",2012,49,0.286164006749128,38.7972457838214,33.0552197716556,45.8196563478001,19.8043377764361,66.3630363660133,0.233471038954005,0
"Thalassarche melanophris","noK","Bird.Island..SGSSI..IGSISS.._Colony.H..Bird.Island..South.Georgia.",2013,37,0.286164006749128,36.534072216155,30.9848711675741,42.8497978966381,17.8081491151752,61.8183039487015,0.0126726021081849,0
"Thalassarche melanophris","noK","Bird.Island..SGSSI..IGSISS.._Colony.H..Bird.Island..South.Georgia.",2014,37,0.286164006749128,34.4085110914739,29.361360966319,40.436619893637,17.165544707287,57.7158911060742,0.0726139634172025,0
"Thalassarche melanophris","noK","Bird.Island..SGSSI..IGSISS.._Colony.H..Bird.Island..South.Georgia.",2015,32,0.286164006749128,32.3199800727504,27.4488855144769,37.7515801438524,15.7317376055805,54.0570767518847,-0.00994971429203861,0
"Thalassarche melanophris","noK","Bird.Island..SGSSI..IGSISS.._Colony.H..Bird.Island..South.Georgia.",2016,33,0.286164006749128,30.3851296431555,25.6091686907102,35.3543846911588,15.2579672782528,51.5251962100133,0.0825542292055084,0
"Thalassarche melanophris","noK","Bird.Island..SGSSI..IGSISS.._Colony.H..Bird.Island..South.Georgia.",2017,27,0.286164006749128,28.4779190233643,23.8878734786113,33.2875738576345,14.3406128280235,48.6095715691878,-0.0532921498700016,0
"Thalassarche melanophris","noK","Bird.Island..SGSSI..IGSISS.._Colony.H..Bird.Island..South.Georgia.",2018,29,0.286164006749128,26.7281142419672,22.4809963324619,31.5735391635274,12.9573008427382,45.3184472527792,0.081579850698144,0
"Thalassarche melanophris","noK","Bird.Island..SGSSI..IGSISS.._Colony.H..Bird.Island..South.Georgia.",2019,26,0.286164006749128,25.0676089841236,20.8732900942978,29.5760168049411,11.969453646136,41.7711006708908,0.0365200039886355,0
"Thalassarche melanophris","noK","Bird.Island..SGSSI..IGSISS.._Colony.H..Bird.Island..South.Georgia.",2020,25,0.286164006749128,23.4581610806951,19.39324776034,27.9325859205362,11.2736599187898,39.8095638528479,0.063657370022276,0
"Thalassarche melanophris","noK","Bird.Island..SGSSI..IGSISS.._Colony.H..Bird.Island..South.Georgia.",2021,26,0.286164006749128,21.9532904861796,17.8572159545636,26.1336599692999,10.6825500943366,37.1536126971187,0.169179501481224,0
"Thalassarche melanophris","noK","Bird.Island..SGSSI..IGSISS.._Colony.H..Bird.Island..South.Georgia.",2022,18,0.286164006749128,20.4464842364125,16.3711523236217,24.6662069636346,9.35170402069206,34.5464142580186,-0.127439189832883,0
"Thalassarche melanophris","noK","Bird.Island..SGSSI..IGSISS.._Colony.H..Bird.Island..South.Georgia.",2023,17,0.286164006749128,19.1066215827557,15.0710602587911,23.4667080964046,9.67426608205465,33.1268507989234,-0.116821610642268,0
"Thalassarche melanophris","noK","Bird.Island..SGSSI..IGSISS.._Colony.H..Bird.Island..South.Georgia.",2024,9,0.286164006749128,17.8864066490004,13.5720037339425,22.105020761009,8.2215652228617,30.7886943505038,-0.686816441932608,0
"Thalassarche melanophris","noK","Bird.Island..SGSSI..IGSISS.._Colony.J..Bird.Island..South.Georgia.",1988,459,0.286164006749128,402.481947843532,316.768286939934,497.518698453032,185.005591276108,679.513401459781,0.131399964285905,0
"Thalassarche melanophris","noK","Bird.Island..SGSSI..IGSISS.._Colony.J..Bird.Island..South.Georgia.",1989,427,0.286164006749128,388.577499914914,316.204407400386,478.110831946982,183.229615852138,663.726548836403,0.0942913783349306,0
"Thalassarche melanophris","noK","Bird.Island..SGSSI..IGSISS.._Colony.J..Bird.Island..South.Georgia.",1990,452,0.286164006749128,374.771764424195,307.625411644976,455.005752056545,182.351099403547,640.948792842142,0.187364967353298,0
"Thalassarche melanophris","noK","Bird.Island..SGSSI..IGSISS.._Colony.J..Bird.Island..South.Georgia.",1991,435,0.286164006749128,359.848236788725,294.646280481168,428.510102807886,181.902016554339,616.035450815818,0.189663652997575,0
"Thalassarche melanophris","noK","Bird.Island..SGSSI..IGSISS.._Colony.J..Bird.Island..South.Georgia.",1992,373,0.286164006749128,344.752696480842,286.957818789481,409.318792347387,163.304357798949,580.0917612385,0.0787510814466996,0
"Thalassarche melanophris","noK","Bird.Island..SGSSI..IGSISS.._Colony.J..Bird.Island..South.Georgia.",1993,375,0.286164006749128,329.841074442759,273.046564085097,385.417600815212,155.197919469841,557.98634865159,0.128315080110545,0
"Thalassarche melanophris","noK","Bird.Island..SGSSI..IGSISS.._Colony.J..Bird.Island..South.Georgia.",1994,378,0.286164006749128,314.27456413247,266.034274986739,370.85138312602,150.927801534403,533.606348734107,0.184627183718166,0
"Thalassarche melanophris","noK","Bird.Island..SGSSI..IGSISS.._Colony.J..Bird.Island..South.Georgia.",1995,92,0.286164006749128,298.886648284001,249.475947441759,349.782844534663,149.010377689666,508.141336417797,-1.17827582173494,0
"Thalassarche melanophris","noK","Bird.Island..SGSSI..IGSISS.._Colony.J..Bird.Island..South.Georgia.",1996,305,0.286164006749128,290.777566128569,247.804487332029,341.74516156469,141.57126648679,486.207321526819,0.0477531792864596,0
"Thalassarche melanophris","noK","Bird.Island..SGSSI..IGSISS.._Colony.J..Bird.Island..South.Georgia.",1997,311,0.286164006749128,282.514918039098,239.931195351663,329.168623619263,144.84676555165,491.217865867637,0.0960615557689461,0
"Thalassarche melanophris","noK","Bird.Island..SGSSI..IGSISS.._Colony.J..Bird.Island..South.Georgia.",1998,307,0.286164006749128,273.661788913386,232.174084290756,317.863186181566,131.504500382114,455.926758222985,0.114954750664332,0
"Thalassarche melanophris","noK","Bird.Island..SGSSI..IGSISS.._Colony.J..Bird.Island..South.Georgia.",1999,272,0.286164006749128,264.777466798964,223.639854446285,305.865852519796,133.487866548927,450.867159025783,0.0269123410240191,0
"Thalassarche melanophris","noK","Bird.Island..SGSSI..IGSISS.._Colony.J..Bird.Island..South.Georgia.",2000,254,0.286164006749128,256.019885827268,218.438428162809,296.611603443741,133.043485241286,434.707055473443,-0.00792085345693394,0
"Thalassarche melanophris","noK","Bird.Island..SGSSI..IGSISS.._Colony.J..Bird.Island..South.Georgia.",2001,258,0.286164006749128,247.145256089376,209.128242734442,285.319779480784,117.662082350236,413.014910221192,0.0429833398121966,0
"Thalassarche melanophris","noK","Bird.Island..SGSSI..IGSISS.._Colony.J..Bird.Island..South.Georgia.",2002,258,0.286164006749128,238.728555192476,202.920280765698,276.320390935807,118.362540534323,399.720688761223,0.077632430778289,0
"Thalassarche melanophris","noK","Bird.Island..SGSSI..IGSISS.._Colony.J..Bird.Island..South.Georgia.",2003,197,0.286164006749128,230.179936002563,195.320705807591,266.183723629197,111.905234925107,384.439560186783,-0.155657604770184,0
"Thalassarche melanophris","noK","Bird.Island..SGSSI..IGSISS.._Colony.J..Bird.Island..South.Georgia.",2004,227,0.286164006749128,222.598565413329,190.570698220202,258.90843837938,108.98065131789,371.70012336491,0.0195800233447834,0
"Thalassarche melanophris","noK","Bird.Island..SGSSI..IGSISS.._Colony.J..Bird.Island..South.Georgia.",2005,228,0.286164006749128,215.117491064522,182.144158972129,248.386996129006,109.403875054521,364.136398394776,0.0581612800196254,0
"Thalassarche melanophris","noK","Bird.Island..SGSSI..IGSISS.._Colony.J..Bird.Island..South.Georgia.",2006,198,0.286164006749128,208.017162081309,177.343101892573,240.255994089808,102.8256245096,349.963084665821,-0.049353555609315,0
"Thalassarche melanophris","noK","Bird.Island..SGSSI..IGSISS.._Colony.J..Bird.Island..South.Georgia.",2007,195,0.286164006749128,200.918943286869,171.087140390442,232.013215827155,101.514087442586,340.290749998748,-0.0299020009317257,0
"Thalassarche melanophris","noK","Bird.Island..SGSSI..IGSISS.._Colony.J..Bird.Island..South.Georgia.",2008,212,0.286164006749128,194.348518577679,165.050090428263,223.85795865899,93.3435008627997,326.170703984564,0.0869332398485279,0
"Thalassarche melanophris","noK","Bird.Island..SGSSI..IGSISS.._Colony.J..Bird.Island..South.Georgia.",2009,191,0.286164006749128,187.511630613455,161.89317074994,218.625357484862,94.0121351434334,319.220982318382,0.0184325546215156,0
"Thalassarche melanophris","noK","Bird.Island..SGSSI..IGSISS.._Colony.J..Bird.Island..South.Georgia.",2010,185,0.286164006749128,181.087104218963,154.811771830351,209.66754712762,87.376891174221,301.35521652635,0.0213776707919413,0
"Thalassarche melanophris","noK","Bird.Island..SGSSI..IGSISS.._Colony.J..Bird.Island..South.Georgia.",2011,169,0.286164006749128,174.849062216045,149.213330176918,202.270905912696,85.6982910891533,291.749524976297,-0.0340243852093032,0
"Thalassarche melanophris","noK","Bird.Island..SGSSI..IGSISS.._Colony.J..Bird.Island..South.Georgia.",2012,153,0.286164006749128,168.871758010171,143.136584192123,195.424388507413,82.2557494765702,283.945074427377,-0.098701677132496,0
"Thalassarche melanophris","noK","Bird.Island..SGSSI..IGSISS.._Colony.J..Bird.Island..South.Georgia.",2013,151,0.286164006749128,163.289812404867,137.375124696669,188.998285379607,79.3711701134044,275.433204867721,-0.0782467754522074,0
"Thalassarche melanophris","noK","Bird.Island..SGSSI..IGSISS.._Colony.J..Bird.Island..South.Georgia.",2014,139,0.286164006749128,158.081646069225,133.729129527221,183.6144687405,78.4686018206103,267.182685874436,-0.128637713701955,0
"Thalassarche melanophris","noK","Bird.Island..SGSSI..IGSISS.._Colony.J..Bird.Island..South.Georgia.",2015,147,0.286164006749128,153.389364502199,129.341753693124,178.907194544542,75.2068982276527,261.128940052824,-0.0425469679529398,0
"Thalassarche melanophris","noK","Bird.Island..SGSSI..IGSISS.._Colony.J..Bird.Island..South.Georgia.",2016,154,0.286164006749128,149.034705091577,126.15047211427,174.625936852836,73.1805503336982,248.043608595403,0.032773403512139,0
"Thalassarche melanophris","noK","Bird.Island..SGSSI..IGSISS.._Colony.J..Bird.Island..South.Georgia.",2017,145,0.286164006749128,144.722920072951,121.338357838298,169.642243987868,73.0627600000833,247.907823252134,0.00191272413969923,0
"Thalassarche melanophris","noK","Bird.Island..SGSSI..IGSISS.._Colony.J..Bird.Island..South.Georgia.",2018,140,0.286164006749128,140.498506039932,117.519826740497,164.99989648673,68.0002071112225,239.884039855183,-0.00355443294022262,0
"Thalassarche melanophris","noK","Bird.Island..SGSSI..IGSISS.._Colony.J..Bird.Island..South.Georgia.",2019,146,0.286164006749128,136.433337866726,114.508878993837,161.64308965528,68.859470345959,232.067936270654,0.0677704936501948,0
"Thalassarche melanophris","noK","Bird.Island..SGSSI..IGSISS.._Colony.J..Bird.Island..South.Georgia.",2020,141,0.286164006749128,132.294903195073,109.034560323207,157.094075871555,64.0762187976095,224.755233565899,0.0637263446019745,0
"Thalassarche melanophris","noK","Bird.Island..SGSSI..IGSISS.._Colony.J..Bird.Island..South.Georgia.",2021,132,0.286164006749128,128.116663141789,105.578525464472,154.285918114833,64.5518515918325,220.277104507711,0.0298606429723689,0
"Thalassarche melanophris","noK","Bird.Island..SGSSI..IGSISS.._Colony.J..Bird.Island..South.Georgia.",2022,128,0.286164006749128,123.920864886192,100.95209044378,150.870280652988,59.3143669086151,211.162062446604,0.0323870884438842,0
"Thalassarche melanophris","noK","Bird.Island..SGSSI..IGSISS.._Colony.J..Bird.Island..South.Georgia.",2023,127,0.286164006749128,119.874438930227,96.4948920738371,147.409252613749,56.5314851205752,202.768475174115,0.0577422337228626,0
"Thalassarche melanophris","noK","Bird.Island..SGSSI..IGSISS.._Colony.J..Bird.Island..South.Georgia.",2024,116,0.286164006749128,115.733036944052,92.7626375611238,146.440787407113,52.8389742280539,198.607069840278,0.0023040579588498,0
"Thalassarche melanophris","noK","Cape.Buller_",2004,177,0.286164006749128,137.391850928948,88.8848459614131,197.344411633581,58.3095736017931,253.02997478455,0.253312663649616,0
"Thalassarche melanophris","noK","Cape.Buller_",2014,93,0.286164006749128,112.085856279679,62.8441674991486,170.964557046547,40.510922593696,212.417249697035,-0.18666565839982,0
"Thalassarche melanophris","noK","Cape.Crewe_",2004,42,0.286164006749128,37.277744104522,23.2794815045268,52.6153772272024,15.678928126286,67.4364577800209,0.119273142514674,0
"Thalassarche melanophris","noK","Cape.Crewe_",2014,31,0.286164006749128,33.8216727352117,19.0292016793415,51.4611174211442,13.7566530573161,64.4875085290785,-0.0871145977033962,0
"Thalassarche melanophris","noK","Cape.North_",1987,2050,0.286164006749128,1948.40040961333,1179.24022773312,2852.31402161467,781.735895188005,3573.26264354209,0.0508310599694735,0
"Thalassarche melanophris","noK","Cape.North_",2004,1546,0.286164006749128,1671.32459436496,1103.17546315262,2287.59192027352,762.476993596464,2998.28028027062,-0.0779455321485392,0
"Thalassarche melanophris","noK","Cape.North_",2014,1642,0.286164006749128,1558.29043789114,861.638552431724,2360.76635052918,620.795737984352,3035.06928389401,0.0523256638235257,0
"Thalassarche melanophris","noK","Cape.Nunez_",1986,962,0.286164006749128,961.317927942771,608.491635057139,1466.13608127418,404.030569644517,1809.09347790831,0.000709266082235871,0
"Thalassarche melanophris","noK","Cape.Nunez_",2004,981,0.286164006749128,980.870070503527,502.062160671763,1609.82115005291,341.097576777184,1940.28715947075,0.000132454741644139,0
"Thalassarche melanophris","noK","Cape.Wilson_",2004,205,0.286164006749128,202.623277671135,127.423159602304,289.328917188464,92.3021800351047,378.879109809772,0.0116614991994597,0
"Thalassarche melanophris","noK","Cape.Wilson_",2014,200,0.286164006749128,201.431742988051,118.108699567206,314.908016631475,80.6334006814925,386.315722472847,-0.00713321297565539,0
"Thalassarche melanophris","noK","Clerke.Rocks_",1990,1400,0.286164006749128,1367.04485900594,841.455451385276,1984.49591596308,591.614631118225,2571.6640163436,0.0238208637587611,0
"Thalassarche melanophris","noK","Clerke.Rocks_",2004,1254,0.286164006749128,1275.63870033067,680.86954043097,2041.26094204447,451.850855579914,2494.92115516224,-0.0171085524062038,0
"Thalassarche melanophris","noK","Cooper.Island_",1986,11785,0.286164006749128,11662.2665416037,6967.12318980974,17176.9321982885,4975.64811374424,22222.2921142641,0.0104689882839129,0
"Thalassarche melanophris","noK","Cooper.Island_",2004,10606,0.286164006749128,10041.446370007,6709.40512977509,13985.481442855,4274.90270850303,17884.7327181248,0.0546987140694366,0
"Thalassarche melanophris","noK","Cooper.Island_",2014,8772,0.286164006749128,9152.39611292647,5228.68887059685,14099.4044084402,3449.91586581823,17360.0276880778,-0.0424508847149436,0
"Thalassarche melanophris","noK","Green.Island_",1986,7927,0.286164006749128,7022.68282820997,4290.90913101308,10569.2403539169,2788.3299628497,13077.0024529307,0.121129339564693,0
"Thalassarche melanophris","noK","Green.Island_",2004,3404,0.286164006749128,3572.62585863285,1806.98182453651,5798.73035848092,1358.92681807014,7042.40476061396,-0.0483496493384461,0
"Thalassarche melanophris","noK","Klutschak.Point_",1986,850,0.286164006749128,837.765250843562,519.911424309123,1255.47266183078,347.44224299936,1572.63423288794,0.0144984185043686,0
"Thalassarche melanophris","noK","Klutschak.Point_",2004,784,0.286164006749128,789.626553311604,395.912764673641,1279.90727360667,286.835936872528,1565.51555074684,-0.00715109601751696,0
"Thalassarche melanophris","noK","Paryadin.Peninsula.north_",2004,1428,0.286164006749128,1283.69599419953,840.163374081373,1820.85856711495,565.325259055012,2346.01333626347,0.106531451324904,0
"Thalassarche melanophris","noK","Paryadin.Peninsula.north_",2014,1079,0.286164006749128,1172.24963185465,674.152720579409,1787.1632997805,485.513857654255,2224.95770517386,-0.0828899786613073,0
"Thalassarche melanophris","noK","Paryadin.Peninsula.south_",2004,3789,0.286164006749128,3381.62707635115,2163.97138453899,4804.62240853856,1448.40074395114,6128.64977168596,0.113745154833577,0
"Thalassarche melanophris","noK","Paryadin.Peninsula.south_",2014,2802,0.286164006749128,3065.49466018854,1791.05244054889,4698.6184161369,1205.13361256405,5954.29984804526,-0.0898754983987242,0
"Thalassarche melanophris","noK","Rumbolds.Point_",1986,2000,0.286164006749128,2039.0954162566,1243.30183453696,3033.32209562728,792.3261889568,3779.14780759393,-0.019359105551322,0
"Thalassarche melanophris","noK","Rumbolds.Point_",2004,2340,0.286164006749128,2327.89532964894,1188.44816242748,3763.65157447405,864.407054888915,4609.20363352584,0.005186362002223,0
"Thalassarche melanophris","noK","Sheathbill.Bay_",2004,481,0.286164006749128,422.573161683692,273.319758918128,604.899415531151,185.809420727438,775.859093816152,0.129504674551261,0
"Thalassarche melanophris","noK","Sheathbill.Bay_",2014,345,0.286164006749128,379.851642007092,218.574455888453,587.198910315833,151.431752206589,734.562572728444,-0.0962363436861828,0
"Thalassarche melanophris","noK","Sitka.Bay_",2004,816,0.286164006749128,719.15676142363,460.436145804078,1022.81143468546,290.255307072274,1296.77717606913,0.126334993992711,0
"Thalassarche melanophris","noK","Sitka.Bay_",2014,588,0.286164006749128,647.737303960064,379.750771169907,1004.38488012047,264.076040074413,1230.60334011277,-0.0967582711354718,0
"Thalassarche melanophris","noK","Sorn...Bernt.coast_",1986,84,0.286164006749128,82.6753361458985,51.8238294709655,124.238380247607,35.3970223576322,154.877453885889,0.0158954741125585,0
"Thalassarche melanophris","noK","Sorn...Bernt.coast_",2004,74,0.286164006749128,69.9573479013167,47.229339784173,97.0050381847946,30.435778081124,126.146954467755,0.0561793525585355,0
"Thalassarche melanophris","noK","Sorn...Bernt.coast_",2014,60,0.286164006749128,62.7680513710724,35.7813500636837,95.2816016839639,25.6300845068846,121.025285255446,-0.0451016456725011,0
"Thalassarche melanophris","noK","Welcome.Islands_",1987,250,0.286164006749128,238.076188973309,144.787222428802,351.003583194653,103.796514159106,447.007545114223,0.0488701736822108,0
"Thalassarche melanophris","noK","Welcome.Islands_",2004,188,0.286164006749128,183.758439324467,118.123909555999,252.844750247943,79.7237010460108,326.800919497927,0.0228198974952578,0
"Thalassarche melanophris","noK","Welcome.Islands_",2014,152,0.286164006749128,156.616417905229,88.504054760333,241.595823292037,61.7495531238157,298.955356568385,-0.0299190969675447,0
