"","median","lci","uci","Geweke.p","Heidelberger.p"
"r.Bird.Island..SGSSI..IGSISS.._",-0.0222,-0.0462,0.0045,0.654,0.775
"r.Bird.Island..SGSSI..IGSISS.._Colony.B",-0.0322,-0.0463,-0.0153,0.602,0.911
"r.Bird.Island..SGSSI..IGSISS.._Colony.E",-0.0543,-0.0708,-0.0371,0.736,0.958
"r.Cape.North_",-0.0047,-0.0311,0.0226,0.216,0.26
"r.Jomfruene_",-0.0058,-0.0389,0.0276,0.111,0.098
"r.Paryadin.Peninsula.north_",-0.0164,-0.048,0.0174,0.862,0.846
"r.Paryadin.Peninsula.south_",-0.0168,-0.0497,0.0156,0.585,0.401
"r.Sorn...Bernt.coast_",-0.0222,-0.0486,0.0045,0.726,0.912
"sigma.proc",0.038,0.017,0.0675,0.242,0.163
