"","median","lci","uci","Geweke.p","Heidelberger.p"
"r.Annenkov.Island_",-0.026,-0.0647,0.0138,0.089,0.22
"r.Bird.Island..SGSSI..IGSISS.._",-0.0144,-0.0462,0.0194,0.914,0.76
"r.Bird.Island..SGSSI..IGSISS.._Colony.H..Bird.Island..South.Georgia.",-0.0529,-0.0702,-0.0365,0.371,0.963
"r.Bird.Island..SGSSI..IGSISS.._Colony.J..Bird.Island..South.Georgia.",-0.033,-0.0521,-0.013,0.916,0.996
"r.Cape.Buller_",-0.0166,-0.0501,0.0167,0.079,0.09
"r.Cape.Crewe_",-0.0072,-0.0422,0.026,0.167,0.374
"r.Cape.North_",-0.0068,-0.035,0.0226,0.637,0.008
"r.Cape.Nunez_",0.0022,-0.0371,0.0403,0.742,0.966
"r.Cape.Wilson_",6e-04,-0.0342,0.0336,0.443,0.389
"r.Clerke.Rocks_",-0.0038,-0.0453,0.0372,0.44,0.023
"r.Cooper.Island_",-0.0071,-0.0373,0.0205,0.787,0.429
"r.Green.Island_",-0.036,-0.0742,0.0029,0.137,0.469
"r.Klutschak.Point_",-0.0023,-0.041,0.0361,0.31,0.735
"r.Paryadin.Peninsula.north_",-0.0064,-0.0401,0.0276,0.434,0.459
"r.Paryadin.Peninsula.south_",-0.0073,-0.0427,0.0257,0.223,0.008
"r.Rumbolds.Point_",0.0086,-0.0309,0.0472,0.89,0.397
"r.Sheathbill.Bay_",-0.0085,-0.0407,0.026,0.056,0.136
"r.Sitka.Bay_",-0.0079,-0.0413,0.0262,0.57,0.238
"r.Sorn...Bernt.coast_",-0.0083,-0.0359,0.0195,0.746,0.164
"r.Welcome.Islands_",-0.0142,-0.0448,0.0142,0.633,0.863
"sigma.proc",0.0458,0.0212,0.0853,0.554,0.09
