"assessment","scenario","name","year","obs","obs.err","hat","lci","uci","lpp","upp","residual","retro.peels"
"Thalassarche melanophris","noK","Annenkov.Island_",1986,17500,0.271918441994685,16088.3668772418,9867.39471317379,23617.9674778385,7352.89263327605,29412.7013642329,0.0841044243157434,0
"Thalassarche melanophris","noK","Annenkov.Island_",2004,9398,0.271918441994685,9736.32013150725,5384.2139559774,15736.3911354163,3837.28599394291,18754.2483300876,-0.0353663356788232,0
"Thalassarche melanophris","noK","Bird.Island..SGSSI..IGSISS.._",1977,13328,0.271918441994685,14257.0791922057,8577.90968998167,21143.1645461469,6144.65588375767,26259.4973633136,-0.0673864833510969,0
"Thalassarche melanophris","noK","Bird.Island..SGSSI..IGSISS.._",1992,14695,0.271918441994685,11802.9128057047,8233.1969880314,16405.768271269,5426.446662992,20916.907079357,0.219160950920127,0
"Thalassarche melanophris","noK","Bird.Island..SGSSI..IGSISS.._",2004,8264,0.271918441994685,9290.49486207144,5250.29691511758,14311.3722305902,3778.18994022563,17426.7548672829,-0.117083087842824,0
"Thalassarche melanophris","noK","Bird.Island..SGSSI..IGSISS.._Colony.H..Bird.Island..South.Georgia.",1976,230,0.271918441994685,232.001590338163,183.553637555878,287.087086784097,113.604143181361,390.052395440069,-0.00866491762549249,0
"Thalassarche melanophris","noK","Bird.Island..SGSSI..IGSISS.._Colony.H..Bird.Island..South.Georgia.",1977,229,0.271918441994685,220.095542710692,178.408209448925,269.774267424245,113.13735849048,370.682719774482,0.0396602664277355,0
"Thalassarche melanophris","noK","Bird.Island..SGSSI..IGSISS.._Colony.H..Bird.Island..South.Georgia.",1978,253,0.271918441994685,208.367155111878,169.931944862788,251.045248020131,106.777917284181,347.411121451481,0.194087796298661,0
"Thalassarche melanophris","noK","Bird.Island..SGSSI..IGSISS.._Colony.H..Bird.Island..South.Georgia.",1979,210,0.271918441994685,195.598940267557,162.141883804967,234.745373200653,99.7564992975007,326.803553480795,0.0710411909864543,0
"Thalassarche melanophris","noK","Bird.Island..SGSSI..IGSISS.._Colony.H..Bird.Island..South.Georgia.",1980,142,0.271918441994685,183.743956670637,151.460187711094,218.157682584891,94.7721972030121,303.611905107777,-0.257716191083555,0
"Thalassarche melanophris","noK","Bird.Island..SGSSI..IGSISS.._Colony.H..Bird.Island..South.Georgia.",1981,118,0.271918441994685,173.790258517402,143.914716792116,204.706068976364,88.6975023708981,287.367946802114,-0.387164536837358,0
"Thalassarche melanophris","noK","Bird.Island..SGSSI..IGSISS.._Colony.H..Bird.Island..South.Georgia.",1982,147,0.271918441994685,166.679589387709,138.971083191043,196.08403839531,83.851290474722,276.457261335263,-0.125640756295813,0
"Thalassarche melanophris","noK","Bird.Island..SGSSI..IGSISS.._Colony.H..Bird.Island..South.Georgia.",1983,178,0.271918441994685,160.640215053585,133.909481204363,188.156187405096,80.8752429562767,264.724193149676,0.102616375059631,0
"Thalassarche melanophris","noK","Bird.Island..SGSSI..IGSISS.._Colony.H..Bird.Island..South.Georgia.",1984,183,0.271918441994685,154.030339077728,129.456576371234,181.013998579741,78.5282884836953,254.649552791326,0.172336562832892,0
"Thalassarche melanophris","noK","Bird.Island..SGSSI..IGSISS.._Colony.H..Bird.Island..South.Georgia.",1985,173,0.271918441994685,146.843375430494,123.69740144148,173.597082110171,76.9667070330809,242.060325064068,0.163925049001135,0
"Thalassarche melanophris","noK","Bird.Island..SGSSI..IGSISS.._Colony.H..Bird.Island..South.Georgia.",1986,183,0.271918441994685,139.258589074322,115.770059017226,163.184868815392,69.6175759226269,229.276684066353,0.273153594971611,0
"Thalassarche melanophris","noK","Bird.Island..SGSSI..IGSISS.._Colony.H..Bird.Island..South.Georgia.",1987,180,0.271918441994685,130.986084562259,111.270477024957,154.261771437125,65.5052556220578,216.931501262789,0.317865758046881,0
"Thalassarche melanophris","noK","Bird.Island..SGSSI..IGSISS.._Colony.H..Bird.Island..South.Georgia.",1988,51,0.271918441994685,122.097269531737,101.923487796176,141.493304839189,61.0704422292817,201.298864105196,-0.87299238558485,0
"Thalassarche melanophris","noK","Bird.Island..SGSSI..IGSISS.._Colony.H..Bird.Island..South.Georgia.",1989,158,0.271918441994685,117.174128507049,98.5642668054499,136.846428588924,59.3182026904829,191.982564239911,0.298933926779045,0
"Thalassarche melanophris","noK","Bird.Island..SGSSI..IGSISS.._Colony.H..Bird.Island..South.Georgia.",1990,155,0.271918441994685,111.192626706092,93.2986915147887,129.710486971652,54.5782928595955,178.921624952944,0.332161043901035,0
"Thalassarche melanophris","noK","Bird.Island..SGSSI..IGSISS.._Colony.H..Bird.Island..South.Georgia.",1991,125,0.271918441994685,104.375746336398,87.3010599798516,121.486338838475,53.519843471609,171.021155499732,0.180316403628482,0
"Thalassarche melanophris","noK","Bird.Island..SGSSI..IGSISS.._Colony.H..Bird.Island..South.Georgia.",1992,90,0.271918441994685,97.4166940341303,81.8779520156112,113.519161810422,49.5227332627548,160.609119706148,-0.0791879222858105,0
"Thalassarche melanophris","noK","Bird.Island..SGSSI..IGSISS.._Colony.H..Bird.Island..South.Georgia.",1993,108,0.271918441994685,91.0598044236292,76.2994876233936,106.325816914864,47.2998660108207,150.611940600906,0.170614744994663,0
"Thalassarche melanophris","noK","Bird.Island..SGSSI..IGSISS.._Colony.H..Bird.Island..South.Georgia.",1994,102,0.271918441994685,84.6234975680138,70.0625301637982,99.3913145880669,43.6484770956695,140.217975169504,0.186760836206319,0
"Thalassarche melanophris","noK","Bird.Island..SGSSI..IGSISS.._Colony.H..Bird.Island..South.Georgia.",1995,16,0.271918441994685,78.2758436549528,61.6112474101391,91.7031183949454,39.8407729017853,128.347281325392,-1.58765032300407,0
"Thalassarche melanophris","noK","Bird.Island..SGSSI..IGSISS.._Colony.H..Bird.Island..South.Georgia.",1996,82,0.271918441994685,76.0170253403376,62.4357056519567,89.1981347219277,39.3858956864737,123.601656451967,0.0757619144301058,0
"Thalassarche melanophris","noK","Bird.Island..SGSSI..IGSISS.._Colony.H..Bird.Island..South.Georgia.",1997,75,0.271918441994685,73.5751562611977,61.1959392783514,86.2716813380551,37.5416711065757,121.471933310885,0.0191806955835183,0
"Thalassarche melanophris","noK","Bird.Island..SGSSI..IGSISS.._Colony.H..Bird.Island..South.Georgia.",1998,70,0.271918441994685,71.0945923521468,59.5514991110224,82.9325449271896,34.7195317358641,117.040262574839,-0.015516034935529,0
"Thalassarche melanophris","noK","Bird.Island..SGSSI..IGSISS.._Colony.H..Bird.Island..South.Georgia.",1999,68,0.271918441994685,68.7122480382195,57.4963305182473,79.7831928867103,36.2552758909944,114.693833253307,-0.0104197611051973,0
"Thalassarche melanophris","noK","Bird.Island..SGSSI..IGSISS.._Colony.H..Bird.Island..South.Georgia.",2000,71,0.271918441994685,66.3989047530809,56.3017443489588,77.524631275067,35.3125108229124,110.706092104646,0.0669993153774824,0
"Thalassarche melanophris","noK","Bird.Island..SGSSI..IGSISS.._Colony.H..Bird.Island..South.Georgia.",2001,66,0.271918441994685,64.084012288928,54.4450162460185,74.8391418244965,34.2249535061909,106.654059907944,0.0294598274791644,0
"Thalassarche melanophris","noK","Bird.Island..SGSSI..IGSISS.._Colony.H..Bird.Island..South.Georgia.",2002,70,0.271918441994685,61.8568169191046,52.2368711398016,72.377667170826,32.4074855036515,101.925410158219,0.123672932322227,0
"Thalassarche melanophris","noK","Bird.Island..SGSSI..IGSISS.._Colony.H..Bird.Island..South.Georgia.",2003,57,0.271918441994685,59.2972929288119,50.409601681671,69.4623323447547,30.5537733749144,97.8802334127136,-0.0395123866854963,0
"Thalassarche melanophris","noK","Bird.Island..SGSSI..IGSISS.._Colony.H..Bird.Island..South.Georgia.",2004,58,0.271918441994685,56.9951077883842,48.2836196903674,66.8962041379763,29.8385844245189,94.1684832195806,0.0174775746692877,0
"Thalassarche melanophris","noK","Bird.Island..SGSSI..IGSISS.._Colony.H..Bird.Island..South.Georgia.",2005,58,0.271918441994685,54.7990218185057,46.2789112402171,64.3526795766619,27.8667441066009,91.3871081515202,0.0567706667790322,0
"Thalassarche melanophris","noK","Bird.Island..SGSSI..IGSISS.._Colony.H..Bird.Island..South.Georgia.",2006,49,0.271918441994685,52.5760271365945,44.7226675584091,62.0924374515369,26.41559638578,86.986102789572,-0.0704399598844381,0
"Thalassarche melanophris","noK","Bird.Island..SGSSI..IGSISS.._Colony.H..Bird.Island..South.Georgia.",2007,54,0.271918441994685,50.6707570955601,42.8190256950283,60.0929701193983,26.0427916712112,85.2476751163684,0.0636350854955601,0
"Thalassarche melanophris","noK","Bird.Island..SGSSI..IGSISS.._Colony.H..Bird.Island..South.Georgia.",2008,55,0.271918441994685,48.6430337859043,41.2218410683192,58.0392327104425,25.2175642789843,81.4319035333202,0.122824577276529,0
"Thalassarche melanophris","noK","Bird.Island..SGSSI..IGSISS.._Colony.H..Bird.Island..South.Georgia.",2009,53,0.271918441994685,46.5765786336657,38.93972348278,55.6123689594584,24.3205675973901,77.2637667825246,0.129194103196238,0
"Thalassarche melanophris","noK","Bird.Island..SGSSI..IGSISS.._Colony.H..Bird.Island..South.Georgia.",2010,55,0.271918441994685,44.4743651531103,37.4400573773223,53.4783330678994,22.7946051061777,73.4445638802768,0.212420226023929,0
"Thalassarche melanophris","noK","Bird.Island..SGSSI..IGSISS.._Colony.H..Bird.Island..South.Georgia.",2011,54,0.271918441994685,42.1635549694644,35.104644768456,50.4553476910166,21.044024898286,69.4840653178672,0.247427824978375,0
"Thalassarche melanophris","noK","Bird.Island..SGSSI..IGSISS.._Colony.H..Bird.Island..South.Georgia.",2012,49,0.271918441994685,39.7701971891203,33.2072088355574,47.5230955622107,21.0409373583906,66.5063713610439,0.208702480665445,0
"Thalassarche melanophris","noK","Bird.Island..SGSSI..IGSISS.._Colony.H..Bird.Island..South.Georgia.",2013,37,0.271918441994685,37.1849096212362,30.8868970142481,43.8823211372063,19.6999965880077,61.7567510193353,-0.00498511099137655,0
"Thalassarche melanophris","noK","Bird.Island..SGSSI..IGSISS.._Colony.H..Bird.Island..South.Georgia.",2014,37,0.271918441994685,34.8485289961835,29.3391064873866,41.2321858750779,17.9484591823206,58.0512018050016,0.0599069859072054,0
"Thalassarche melanophris","noK","Bird.Island..SGSSI..IGSISS.._Colony.H..Bird.Island..South.Georgia.",2015,32,0.271918441994685,32.6578857653997,27.2226397017398,38.4176526347451,16.8120335465257,54.0270251093832,-0.0203504479686982,0
"Thalassarche melanophris","noK","Bird.Island..SGSSI..IGSISS.._Colony.H..Bird.Island..South.Georgia.",2016,33,0.271918441994685,30.5631347240579,25.9929233266554,36.5431457523441,15.7598935236351,50.8943089212303,0.0767130263797076,0
"Thalassarche melanophris","noK","Bird.Island..SGSSI..IGSISS.._Colony.H..Bird.Island..South.Georgia.",2017,27,0.271918441994685,28.5703053568829,23.8762776447935,33.5871449501661,14.534346770868,46.4631273882446,-0.0565310382065385,0
"Thalassarche melanophris","noK","Bird.Island..SGSSI..IGSISS.._Colony.H..Bird.Island..South.Georgia.",2018,29,0.271918441994685,26.7690100187313,22.3056669197531,31.5599613622213,14.2307681668237,44.2896398381438,0.0800509541342427,0
"Thalassarche melanophris","noK","Bird.Island..SGSSI..IGSISS.._Colony.H..Bird.Island..South.Georgia.",2019,26,0.271918441994685,25.0230189953303,21.0203690077018,29.8524400748776,12.4100454606305,41.062288259326,0.0383003769793606,0
"Thalassarche melanophris","noK","Bird.Island..SGSSI..IGSISS.._Colony.H..Bird.Island..South.Georgia.",2020,25,0.271918441994685,23.3256562964295,19.3367303019041,27.7828303373381,11.9049186302942,38.7421197551033,0.0693219414918538,0
"Thalassarche melanophris","noK","Bird.Island..SGSSI..IGSISS.._Colony.H..Bird.Island..South.Georgia.",2021,26,0.271918441994685,21.6605181557992,17.6839320081905,25.9928738731992,10.8304604347533,35.744710502235,0.182605374491039,0
"Thalassarche melanophris","noK","Bird.Island..SGSSI..IGSISS.._Colony.H..Bird.Island..South.Georgia.",2022,18,0.271918441994685,20.0100698092267,15.96216852502,24.3264362619309,10.0596872730624,33.098986166687,-0.10586387941037,0
"Thalassarche melanophris","noK","Bird.Island..SGSSI..IGSISS.._Colony.H..Bird.Island..South.Georgia.",2023,17,0.271918441994685,18.521833198627,14.2160914115117,22.8963352722467,9.17171953166641,30.7521680795998,-0.0857368650702162,0
"Thalassarche melanophris","noK","Bird.Island..SGSSI..IGSISS.._Colony.H..Bird.Island..South.Georgia.",2024,9,0.271918441994685,17.2254378637426,12.6108707099802,21.6298841278378,8.41780150633909,29.4768440588173,-0.649162659486716,0
"Thalassarche melanophris","noK","Bird.Island..SGSSI..IGSISS.._Colony.J..Bird.Island..South.Georgia.",1988,459,0.271918441994685,407.814204481933,319.278111987727,506.295419163852,197.927227757463,675.120089720943,0.118238520545612,0
"Thalassarche melanophris","noK","Bird.Island..SGSSI..IGSISS.._Colony.J..Bird.Island..South.Georgia.",1989,427,0.271918441994685,394.43285481796,317.833631106218,486.478482383147,194.923061652458,653.833133682134,0.079335090678696,0
"Thalassarche melanophris","noK","Bird.Island..SGSSI..IGSISS.._Colony.J..Bird.Island..South.Georgia.",1990,452,0.271918441994685,380.375535698711,311.63851344796,463.831878459148,199.580537253161,634.912329401628,0.172523163272451,0
"Thalassarche melanophris","noK","Bird.Island..SGSSI..IGSISS.._Colony.J..Bird.Island..South.Georgia.",1991,435,0.271918441994685,364.546436656766,299.776765300877,438.056604939591,187.770743011133,606.180854184061,0.17669208951914,0
"Thalassarche melanophris","noK","Bird.Island..SGSSI..IGSISS.._Colony.J..Bird.Island..South.Georgia.",1992,373,0.271918441994685,347.291021517918,286.79913555832,411.314092202494,178.519529759857,576.560731161848,0.071415312465458,0
"Thalassarche melanophris","noK","Bird.Island..SGSSI..IGSISS.._Colony.J..Bird.Island..South.Georgia.",1993,375,0.271918441994685,330.291101810529,279.237874274637,393.427156037791,168.86285437221,548.244161593516,0.12695163365641,0
"Thalassarche melanophris","noK","Bird.Island..SGSSI..IGSISS.._Colony.J..Bird.Island..South.Georgia.",1994,378,0.271918441994685,312.761609237933,257.848461563719,364.158245574457,166.218766910533,523.803289678919,0.189452927096,0
"Thalassarche melanophris","noK","Bird.Island..SGSSI..IGSISS.._Colony.J..Bird.Island..South.Georgia.",1995,92,0.271918441994685,294.595513631979,242.418616681773,344.82629128914,150.492419835443,481.592261975051,-1.16381469818729,0
"Thalassarche melanophris","noK","Bird.Island..SGSSI..IGSISS.._Colony.J..Bird.Island..South.Georgia.",1996,305,0.271918441994685,287.418406584607,240.690283131508,338.247799874016,142.531421213974,467.313444746578,0.0593727598337255,0
"Thalassarche melanophris","noK","Bird.Island..SGSSI..IGSISS.._Colony.J..Bird.Island..South.Georgia.",1997,311,0.271918441994685,280.701865303458,235.053463557637,327.410027931413,143.150237404089,462.26359025506,0.102499783648376,0
"Thalassarche melanophris","noK","Bird.Island..SGSSI..IGSISS.._Colony.J..Bird.Island..South.Georgia.",1998,307,0.271918441994685,273.175633240492,229.131605926298,318.195730242149,144.251637299751,456.310679610299,0.116732814056778,0
"Thalassarche melanophris","noK","Bird.Island..SGSSI..IGSISS.._Colony.J..Bird.Island..South.Georgia.",1999,272,0.271918441994685,264.660749448592,223.073371751729,309.126070905114,137.197294218275,434.979237290092,0.0273532512140324,0
"Thalassarche melanophris","noK","Bird.Island..SGSSI..IGSISS.._Colony.J..Bird.Island..South.Georgia.",2000,254,0.271918441994685,255.355377450163,216.214504744695,298.866324213102,133.670056449264,418.178090847635,-0.00532194498853489,0
"Thalassarche melanophris","noK","Bird.Island..SGSSI..IGSISS.._Colony.J..Bird.Island..South.Georgia.",2001,258,0.271918441994685,246.703299578655,207.860496023367,288.250195181881,125.809795090962,404.103064897804,0.0447731866129377,0
"Thalassarche melanophris","noK","Bird.Island..SGSSI..IGSISS.._Colony.J..Bird.Island..South.Georgia.",2002,258,0.271918441994685,238.348448655929,201.35338890235,279.394195096786,126.54772599767,395.124736596198,0.0792259119727756,0
"Thalassarche melanophris","noK","Bird.Island..SGSSI..IGSISS.._Colony.J..Bird.Island..South.Georgia.",2003,197,0.271918441994685,229.338925079114,193.154442731994,267.171950930749,121.666318104355,379.077210429005,-0.151997202842411,0
"Thalassarche melanophris","noK","Bird.Island..SGSSI..IGSISS.._Colony.J..Bird.Island..South.Georgia.",2004,227,0.271918441994685,222.104101410183,186.647037545369,257.638689564013,111.863828724839,365.364466586512,0.0218038202491249,0
"Thalassarche melanophris","noK","Bird.Island..SGSSI..IGSISS.._Colony.J..Bird.Island..South.Georgia.",2005,228,0.271918441994685,214.753851757347,182.052978840586,251.210031462728,112.707510040588,356.744642434503,0.0598531322446521,0
"Thalassarche melanophris","noK","Bird.Island..SGSSI..IGSISS.._Colony.J..Bird.Island..South.Georgia.",2006,198,0.271918441994685,207.451260467455,175.140122462247,242.023990898699,104.930640090456,340.948245992232,-0.0466293920719307,0
"Thalassarche melanophris","noK","Bird.Island..SGSSI..IGSISS.._Colony.J..Bird.Island..South.Georgia.",2007,195,0.271918441994685,200.779468758342,169.559946739745,234.565470436225,98.8342557153,328.410616925727,-0.0292075768068107,0
"Thalassarche melanophris","noK","Bird.Island..SGSSI..IGSISS.._Colony.J..Bird.Island..South.Georgia.",2008,212,0.271918441994685,194.249589318995,162.383758660692,226.185471165036,99.6522733927193,319.291139993887,0.0874423996144165,0
"Thalassarche melanophris","noK","Bird.Island..SGSSI..IGSISS.._Colony.J..Bird.Island..South.Georgia.",2009,191,0.271918441994685,187.128494002757,156.898624581245,217.730209785294,98.758693905556,303.58502586766,0.0204779134557356,0
"Thalassarche melanophris","noK","Bird.Island..SGSSI..IGSISS.._Colony.J..Bird.Island..South.Georgia.",2010,185,0.271918441994685,180.49933578125,151.943900378305,210.806868195275,96.0328566626529,302.541996113593,0.0246287271944308,0
"Thalassarche melanophris","noK","Bird.Island..SGSSI..IGSISS.._Colony.J..Bird.Island..South.Georgia.",2011,169,0.271918441994685,173.961072506525,144.736406141336,202.45467600931,86.9323105378206,283.747548038421,-0.0289328380352591,0
"Thalassarche melanophris","noK","Bird.Island..SGSSI..IGSISS.._Colony.J..Bird.Island..South.Georgia.",2012,153,0.271918441994685,167.723473787477,140.39973907973,196.09024524525,83.9923784528256,271.325933572749,-0.0918787125217602,0
"Thalassarche melanophris","noK","Bird.Island..SGSSI..IGSISS.._Colony.J..Bird.Island..South.Georgia.",2013,151,0.271918441994685,161.912836742856,135.549550926659,189.051555357303,84.9916726746293,268.71253973316,-0.0697783088222348,0
"Thalassarche melanophris","noK","Bird.Island..SGSSI..IGSISS.._Colony.J..Bird.Island..South.Georgia.",2014,139,0.271918441994685,156.792952148784,131.000718142565,183.185629238249,80.604572258542,258.986939507854,-0.120452225744708,0
"Thalassarche melanophris","noK","Bird.Island..SGSSI..IGSISS.._Colony.J..Bird.Island..South.Georgia.",2015,147,0.271918441994685,152.625887615172,128.825129407724,180.154210864336,78.0038592075532,251.978751685271,-0.037557161295644,0
"Thalassarche melanophris","noK","Bird.Island..SGSSI..IGSISS.._Colony.J..Bird.Island..South.Georgia.",2016,154,0.271918441994685,148.485450244254,125.758352516272,175.94238820625,74.1277015650838,240.742617928704,0.0364656271242199,0
"Thalassarche melanophris","noK","Bird.Island..SGSSI..IGSISS.._Colony.J..Bird.Island..South.Georgia.",2017,145,0.271918441994685,144.430064783426,120.149111163411,169.597374308079,73.6241567679874,235.937575359266,0.00393833276210565,0
"Thalassarche melanophris","noK","Bird.Island..SGSSI..IGSISS.._Colony.J..Bird.Island..South.Georgia.",2018,140,0.271918441994685,140.570058998493,117.751989441908,166.441399308706,69.2974389536621,230.570916817201,-0.0040635824432762,0
"Thalassarche melanophris","noK","Bird.Island..SGSSI..IGSISS.._Colony.J..Bird.Island..South.Georgia.",2019,146,0.271918441994685,136.72542861386,113.487500142165,162.303878992375,70.0452521962233,227.866548002706,0.0656318776194915,0
"Thalassarche melanophris","noK","Bird.Island..SGSSI..IGSISS.._Colony.J..Bird.Island..South.Georgia.",2020,141,0.271918441994685,132.848665007417,110.220732651894,159.350167495898,67.3435408229767,219.851117641353,0.0595492670943658,0
"Thalassarche melanophris","noK","Bird.Island..SGSSI..IGSISS.._Colony.J..Bird.Island..South.Georgia.",2021,132,0.271918441994685,128.881256429403,104.784194611265,154.545095956257,68.6569231863251,213.753686081311,0.0239104349336756,0
"Thalassarche melanophris","noK","Bird.Island..SGSSI..IGSISS.._Colony.J..Bird.Island..South.Georgia.",2022,128,0.271918441994685,124.865745223774,101.113491564854,151.981527030661,62.6602790360801,206.188005161759,0.0247911420194855,0
"Thalassarche melanophris","noK","Bird.Island..SGSSI..IGSISS.._Colony.J..Bird.Island..South.Georgia.",2023,127,0.271918441994685,120.561421178503,95.5669453359457,148.466251308232,63.0280553401908,202.452432547263,0.0520277440669723,0
"Thalassarche melanophris","noK","Bird.Island..SGSSI..IGSISS.._Colony.J..Bird.Island..South.Georgia.",2024,116,0.271918441994685,116.456809259217,91.4820840832906,147.937789716088,57.9207948609726,196.609768317383,-0.00393027718743344,0
"Thalassarche melanophris","noK","Cape.Buller_",2004,177,0.271918441994685,139.586871302489,91.1242172839696,198.677980863119,64.6719165186016,250.471444829874,0.237462591779187,0
"Thalassarche melanophris","noK","Cape.Buller_",2014,93,0.271918441994685,109.657323658414,64.6030219604038,167.403572465737,43.9195003083089,202.893577618978,-0.164760770710616,0
"Thalassarche melanophris","noK","Cape.Crewe_",2004,42,0.271918441994685,37.5928050226678,24.7558879381204,53.6260060836102,16.8083325090083,67.1656669611842,0.110856941978485,0
"Thalassarche melanophris","noK","Cape.Crewe_",2014,31,0.271918441994685,33.5259445173602,19.8976540723091,51.001972171956,13.5098519288494,61.3497028543215,-0.0783323978087784,0
"Thalassarche melanophris","noK","Cape.North_",1987,2050,0.271918441994685,1955.10017201937,1211.32372348186,2850.04855002373,851.132621198301,3601.94574767191,0.0473983621410667,0
"Thalassarche melanophris","noK","Cape.North_",2004,1546,0.271918441994685,1666.17468842336,1119.94681332605,2313.58779153448,788.774864847574,2932.05958934583,-0.0748594430785356,0
"Thalassarche melanophris","noK","Cape.North_",2014,1642,0.271918441994685,1563.42949993645,914.777340473728,2383.83021471451,648.408209044927,2911.56858304183,0.0490332053134326,0
"Thalassarche melanophris","noK","Cape.Nunez_",1986,962,0.271918441994685,964.435105277916,596.057635771382,1410.47726810213,416.401359642092,1748.79973842058,-0.00252809613798632,0
"Thalassarche melanophris","noK","Cape.Nunez_",2004,981,0.271918441994685,977.341279712412,531.678136868118,1558.4913696051,380.144122544413,1883.06742034819,0.00373655458562006,0
"Thalassarche melanophris","noK","Cape.Wilson_",2004,205,0.271918441994685,203.337635785912,133.224379363085,290.892731542008,89.9203705818141,364.511602074291,0.00814215126017537,0
"Thalassarche melanophris","noK","Cape.Wilson_",2014,200,0.271918441994685,201.439219781603,119.378996564821,306.165204264421,83.2622371745519,369.985596591841,-0.00717033053559035,0
"Thalassarche melanophris","noK","Clerke.Rocks_",1990,1400,0.271918441994685,1368.52568738416,868.709120861084,1970.99941053365,593.757648425213,2482.80257704301,0.0227382168317263,0
"Thalassarche melanophris","noK","Clerke.Rocks_",2004,1254,0.271918441994685,1265.71686523225,691.726096229808,1985.69485973742,529.731116732225,2444.49157133389,-0.00930021134274384,0
"Thalassarche melanophris","noK","Cooper.Island_",1986,11785,0.271918441994685,11647.7771070282,7172.59172397382,17212.6847977016,5154.83464562045,21442.4581627793,0.0117121808458922,0
"Thalassarche melanophris","noK","Cooper.Island_",2004,10606,0.271918441994685,10062.7139185742,6909.37424318499,13900.5184993215,4496.75678195908,17669.9854148032,0.0525829772074857,0
"Thalassarche melanophris","noK","Cooper.Island_",2014,8772,0.271918441994685,9132.64851221007,5282.5375635877,13774.6624231352,4013.83834317899,17319.0835741814,-0.0402909109441456,0
"Thalassarche melanophris","noK","Green.Island_",1986,7927,0.271918441994685,7111.21904754464,4407.69674975088,10560.3377485144,3038.65525091461,13133.4924334991,0.108600969385796,0
"Thalassarche melanophris","noK","Green.Island_",2004,3404,0.271918441994685,3557.63626980152,1969.24575065492,5635.12243720371,1390.43814131784,6856.4618355851,-0.0441451444707948,0
"Thalassarche melanophris","noK","Klutschak.Point_",1986,850,0.271918441994685,839.608611817238,509.665627032759,1231.8431899785,360.321243293975,1509.07802036968,0.0123005045428002,0
"Thalassarche melanophris","noK","Klutschak.Point_",2004,784,0.271918441994685,785.068046988982,415.642829614093,1243.93959977708,306.218430378746,1502.95118138344,-0.00136137773755163,0
"Thalassarche melanophris","noK","Paryadin.Peninsula.north_",2004,1428,0.271918441994685,1289.77577706644,829.888625985531,1828.40174065758,562.348594251109,2272.625130104,0.101806476879168,0
"Thalassarche melanophris","noK","Paryadin.Peninsula.north_",2014,1079,0.271918441994685,1164.07442175888,673.649876540682,1763.49073585989,482.172124048047,2205.57654485274,-0.0758915972083827,0
"Thalassarche melanophris","noK","Paryadin.Peninsula.south_",2004,3789,0.271918441994685,3381.54175449653,2249.58564313416,4828.17126279602,1421.82612828709,5986.96642669055,0.113770386158349,0
"Thalassarche melanophris","noK","Paryadin.Peninsula.south_",2014,2802,0.271918441994685,3030.49407743424,1808.72942134429,4569.82673438725,1265.10572627282,5603.05983635503,-0.0783922201728089,0
"Thalassarche melanophris","noK","Rumbolds.Point_",1986,2000,0.271918441994685,2051.7595944141,1244.55659971932,3040.08795404851,877.163080763082,3750.51317188634,-0.0255505831669174,0
"Thalassarche melanophris","noK","Rumbolds.Point_",2004,2340,0.271918441994685,2335.29522908953,1285.11834288489,3759.58456635026,932.028955414035,4461.84261400733,0.00201260980025086,0
"Thalassarche melanophris","noK","Sheathbill.Bay_",2004,481,0.271918441994685,427.27364104525,278.518605473206,604.354300230847,188.210353368001,764.522165616217,0.118442616591725,0
"Thalassarche melanophris","noK","Sheathbill.Bay_",2014,345,0.271918441994685,376.019809909216,220.401199148513,564.783209900428,145.494763695132,688.730029254214,-0.0860974108994466,0
"Thalassarche melanophris","noK","Sitka.Bay_",2004,816,0.271918441994685,724.532549623176,465.060665374333,1027.89302162248,339.885200027112,1306.44235725857,0.118887667196443,0
"Thalassarche melanophris","noK","Sitka.Bay_",2014,588,0.271918441994685,643.164671107431,379.362535493073,972.127781747765,254.957671115532,1204.46947920564,-0.0896738416967651,0
"Thalassarche melanophris","noK","Sorn...Bernt.coast_",1986,84,0.271918441994685,82.717473692558,52.7500654927962,123.887327421022,36.1622718550825,151.139861503382,0.0153859290167064,0
"Thalassarche melanophris","noK","Sorn...Bernt.coast_",2004,74,0.271918441994685,70.363232563719,47.4592808754546,97.6547488904491,32.0979218861069,123.750886989681,0.0503942311877967,0
"Thalassarche melanophris","noK","Sorn...Bernt.coast_",2014,60,0.271918441994685,63.1052127849867,36.8374103404904,95.6382017073373,25.7796283087301,117.331616926553,-0.0504588154024139,0
"Thalassarche melanophris","noK","Welcome.Islands_",1987,250,0.271918441994685,239.331194393807,149.485917215979,350.457577036937,101.476710383696,430.90413853578,0.0436125745952989,0
"Thalassarche melanophris","noK","Welcome.Islands_",2004,188,0.271918441994685,184.032452066084,125.835845843743,253.744213029816,81.9241055591293,321.242319605063,0.0213298508479385,0
"Thalassarche melanophris","noK","Welcome.Islands_",2014,152,0.271918441994685,156.070344320115,89.8234343990103,235.710267147221,65.0917732549846,293.603833742633,-0.0264263098960171,0
